sequences_translated,Stable
KCFDCCYRCP,1
YCSLCCYRCP,1
FCLSCCYRCP,1
SCDCCYRCP,1
ICTNCRSYCDRCP,1
RCLDCCYRCP,1
TCYRCQCYACS,1
ACDCCYRCP,1
TCDCCYRCP,1
SCFDCCYRCP,1
FCVSCCYRCP,1
FCWDCCYRCP,1
LCLSCCYRCP,1
YCYSCCYRCP,1
MCRDCCYRCP,1
YCWECCYRCP,1
ACYSCCYRCP,1
YCFLCCYRCP,1
GCPQCDVCYRCP,1
RCLSCCYRCP,1
FCYSCCYRCP,1
TCCGRHMCYRCP,1
YCFSCCFRCP,1
ICFDCCYRCP,1
ICFSCCYRCP,1
QCLLCCYRCP,1
SCFSCCYRCP,1
DCCARCPWNDCA,1
SCWLCCYRCP,1
SCLSCCYRCP,1
LCDCCYRCP,1
TCSFCCYRCP,1
VCYDCCYRCP,1
YCFSCCYRCP,1
HCWNPMCCRCP,1
ACHDCCYRCP,1
TCWSCCYRCP,1
KCKDCCYRCP,1
ICWLCCYRCP,1
YCDCCYRCP,1
MCRMCKTLCDRCP,1
RCWLCCYRCP,1
YCPECSPCYRCP,1
RCVYCCYRCP,1
QCWQCCYRCP,1
RCPACCYRCP,1
QCWLCCYRCP,1
WCGDCCYRCP,1
YCLSCCYRCP,1
KCFSCCYRCP,1
GCEMCQRCMTCP,1
WCVLCCYRCP,1
RCDCCYRCP,1
SCYSCCYRCP,1
RCLLCCYRCP,1
RCWDCCYRCP,1
ECYPFCCRCP,1
SCWSCCYRCP,1
NCPLCCYRCP,1
VCFSCCYRCP,1
GCALCCYRCP,1
YCHSCCYRCP,1
SCALCCYRCP,1
VCFDCCWRCP,1
FCFACCYRCP,1
SCYNCCYRCP,1
SCTNTFCCRCP,1
MCSLCCYRCP,1
KCALCCYRCP,1
GCLDCCYRCP,1
HCFLCCYRCP,1
TCYRCPPCLYCH,1
RCFSCCYRCP,1
RCANCCYRCP,1
TCPRCDPCYRCP,1
LCLDCCYRCP,1
FCYRCCSVDSCL,1
VCALCCYRCP,1
YCWSCCYRCP,1
RCLSCCWRCP,1
VCSDCCYRCP,1
KCYDCCYRCP,1
FCFSCCYRCP,1
RCYSCCYRCP,1
ACMSPFCCRCP,1
LCISCCYRCP,1
LCVSCCYRCP,1
HCDCCYRCP,1
SCAFCCYRCP,1
ICYDCCYRCP,1
LCYMCCYRCP,1
QCYSCCYRCP,1
YCWACCYRCP,1
DCSIFCCRCP,1
TCYRCQCYNCP,1
ACTSIFCCRCP,1
YCFNCCYRCP,1
GCPSCCYRCP,1
ACNTFCCRCP,1
ACWLCCYRCP,1
FCIDCCYRCP,1
TCYRCPSPCLLCV,1
RCIACCYRCP,1
RCPLCCYRCP,1
SCERCCNIFSPCN,1
FCDCCYRCP,1
HCLDCCYRCP,1
VCSLCCYRCP,1
YCFQCCYRCP,1
FCFSCCWRCP,1
GCPSPFCCRCP,1
KCISCCYRCP,1
ACPCQRGLCYRCP,1
SCCARCPWDDCW,1
VCWLCCYRCP,1
GCWDCCYRCP,1
VCSCGFCDRCP,1
TCYRCTCALPTCQ,1
DCSGHICYRCCT,1
HCFSCCYRCP,1
TCWDCCYRCP,1
KCFMCCYRCP,1
VCFSCCFRCP,1
VCGNCCYRCP,1
LCLMCCYRCP,1
SCSDCCYRCP,1
TCFNCCYRCP,1
RCASCCYRCP,1
QCFLCCYRCP,1
VCLDCCYRCP,1
RCFFCCYRCP,1
YCLMCCYRCP,1
VCSLCCWRCP,1
FCYRCSCMTCS,1
MCFDCCYRCP,1
RCHLCCYRCP,1
HCWLCCYRCP,1
GCYSCCYRCP,1
WCFDCCYRCP,1
KCLMCCYRCP,1
KCYSCCYRCP,1
ACTSIWCCRCP,1
SCQSPFCCRCP,1
TCFDCCYRCP,1
ACYLCCYRCP,1
VCSCRSFCARCP,1
TCYRCPCFHCA,1
RCSLCCYRCP,1
RCLCKSSMCDRCM,1
TCYRCLPCSSCA,1
DCIRPMCCRCP,1
TCYRCCQATCW,1
SCLSPFCCRCP,1
QCLRPMCCRCP,1
RCYTCCYRCP,1
FCFRCCSVLTCP,1
ACLCMLSMCDRCP,1
FCYRCSCPACW,1
FCFTCCYRCP,1
RCNSFCCRCP,1
YCILCCYRCP,1
LCMDCCYRCP,1
HCWLCCFRCP,1
TCFRCTCFFCG,1
YCLDCCYRCP,1
YCHLCCYRCP,1
ACNPFCCRCP,1
MCDRCSCISPHCI,1
RCISCCYRCP,1
FCSICCYRCP,1
LCRPFCCRCP,1
VCSGIQCYRCCN,1
GCPLCCYRCP,1
RCVSCCYRCP,1
TCYRCTCAQPCA,1
SCSSVMCCRCP,1
RCLSPFCCRCP,1
RCPSCCYRCP,1
MCRPTCYRCPCI,1
FCFNCCWRCP,1
RCTVWCCRCP,1
NCWLCCYRCP,1
NCYRCPCWGVSCS,1
SCVAIMCCRCP,1
RCSNCCYRCP,1
TCFRCQCWNCQ,1
SCSNSFCCRCP,1
KCCVRSMCYRCP,1
MCPVCCYRCP,1
YCRLCCYRCP,1
TCYDCCYRCP,1
NCTNCYRCPIFCN,1
LCPMCCYRCP,1
RCFDCCYRCP,1
RCYLCCYRCP,1
KCILCCYRCP,1
TCNGPLCYRCCN,1
HCSGPFCQRCCE,1
SCYRCQCAAPCL,1
GCSIYCCRCP,1
YCFACCYRCP,1
TCYRCCGAFSDCN,1
SCSGRPTCYRCCS,1
FCPIMCCRCP,1
ICISVFCCRCP,1
SCSVFCCRCP,1
SCFRCSCAVPCN,1
ACVCYRCPWPCS,1
VCVLCCYRCP,1
YCDNCNPCYRCP,1
TCICDRCLPECP,1
VCYMCCYRCP,1
GCVIFCCRCP,1
TCYRCPCWICE,1
SCAGCWDLCYRCP,1
ACWNSYCCRCP,1
YCPLCCWRCP,1
SCFRCQCVKCH,1
TCYRCCWPTNCE,1
FCWFCCYRCP,1
SCIRPFCCRCP,1
TCYRCPCWDCT,1
MCSFCCYRCP,1
FCFRCCQALCW,1
TCLRPTCCRCP,1
TCYRCQCQSCL,1
QCRPTCARCPCP,1
TCYRCSCYVCS,1
TCERCSCIKPHCG,1
ECFDCCYRCP,1
SCPLCCYRCP,1
MCSNCCYRCP,1
NCYRCQCWKCM,1
VCRPTCTRCPCF,1
SCHTNICYRCPCP,1
SCVDIFCCRCP,1
LCYRCQCVNCH,1
SCEGPLCYRCCS,1
GCDSIWCCRCP,1
TCVCERCMVSNCS,1
TCFCSRSVCYRCP,1
SCASIFCCRCP,1
VCFRCQCHVCH,1
GCRPNFCSRCPCP,1
RCSNNFCCRCP,1
SCYRCTCLMCH,1
SCYRCPWPPCHACW,1
LCDLCCYRCM,1
SCFRCSCMVCH,1
HCSGINCFRCCN,1
GCSTFCCRCP,1
RCMNCCFRCP,1
GCNYFCCRCP,1
RCTLCCYRCP,1
SCNICARCPWCN,1
RCWSCCYRCP,1
RCVLCCYRCP,1
TCYRCQCVKCF,1
RCFNCCFRCP,1
TCRPTCTRCLTCP,1
HCFSCCWRCP,1
TCFRCQCHYCG,1
KCSDCCYRCP,1
HCNTFCCRCP,1
TCYRCGCMVCH,1
RCSVFCCRCP,1
TCYRCQCQYCQ,1
TCFRCSCVFCH,1
SCYRCSCSVCH,1
RCSIWCCRCP,1
RCYNCCYRCP,1
RCFTCCYRCP,1
KCLDCCYRCP,1
QCSIWCCRCP,1
SCIGIFCDRCCT,1
VCANCDICYRCP,1
SCSIFCCRCP,1
SCVRPMCCRCP,1
SCTNCARCPWCD,1
TCRPMCCRCP,1
FCVSPFCCRCP,1
ICVCYRCPNSCE,1
TCDRCSCLIPCF,1
TCYRCPCIFCA,1
TCFRCSCLVCL,1
TCYRCCSFACV,1
TCYRCQCLLCM,1
TCISVFCCRCP,1
GCPWCCYRCP,1
LCNNIFCCRCP,1
SCSSIMCCRCP,1
DCSIYCCRCP,1
HCNNHFCCRCP,1
QCSVCWRCPFCD,1
LCTCFWRTCYRCP,1
KCFDCCHRCP,1
KCFGCCYRCP,1
YCPECGTCWRCP,1
MCHLCCYRCP,1
TCFRCTCQVCH,1
GCVSLFCCRCP,1
TCFRCSCLVCS,1
FCFRCQCLACS,1
TCYRCQCFFCV,1
QCHGITCYRCCN,1
TCYRCQCYACP,1
FCERCQCYTCL,1
NCVSMFCCRCP,1
TCYRCICIVCS,1
VCLRPFCCRCP,1
RCMFCCYRCP,1
FCLRPFCCRCP,1
TCYRCQCAICL,1
PCVCDRCPWCD,1
TCYRCQCQLCF,1
RCINVFCCRCL,1
TCYRCSCAFPCS,1
TCSVWCCRCP,1
YCGLCCYRCP,1
ACSLFCCRCP,1
SCNNEFCCRCP,1
KCFDCCYRCL,1
SCLDCCYRCP,1
TCFRCTCFLCM,1
SCDVCFRCPTCD,1
DCPVYCYRCPCF,1
TCYRCCSALTCG,1
SCNSRPCYRCQCA,1
NCYRCQCARPCT,1
RCPCCPWWDCV,1
KCFDCCYRCS,1
FCYRCQCVVCT,1
TCYRCQCATCH,1
TCYRCRCYACS,1
KCFVCCYRCP,1
FCSPNLCYRCQCT,1
SCLRPCERCWPTCP,1
GCPQCGVCYRCP,1
FCWGCCYRCP,1
FCRLCCYRCP,1
NCSLCHRCPICD,1
TCYRCQCIKCM,1
ACMCDRCPHTCM,1
RCLDCCYGCP,1
GCPCYRCWPHCP,1
GCPQCDACYRCP,1
TCYGCQCYACS,1
TCYRCLPCDLCA,1
KCFDCCYRCH,1
DCCARCPWSDCA,1
RCIDCCFRCP,1
SCYRCQCAVCP,1
TCVNITCCRCP,1
DCCARCPWDDCA,1
GCPRCDVCYRCP,1
SCYRCQCYACS,1
GCVCFRCPWCA,1
TCYRCQCYVCS,1
RCSSVFCCRCP,1
RCWNPMCCRCP,1
TCYRCLCYACS,1
DCCARCPRNDCA,1
GCPQCDVCYRCL,1
SCTDTFCCRCP,1
GCCARCPWNDCA,1
DCCVRCPWNDCA,1
DCCARCPWNGCA,1
GCEMCQRCTTCP,1
GCPQCDMCYRCP,1
GCSSIFCCRCP,1
DCSILCCRCP,1
PCTNTFCCRCP,1
SCTNTLCCRCP,1
TCVSIMCCRCP,1
TCFRCSCLHCQ,1
GCPQCDVCYQCP,1
MCFRCSCAVECG,1
SCTSTFCCRCP,1
ACTSTFCCRCP,1
DCCARCPWNDCP,1
SCYRCNCAICH,1
TCYRCQCYTCS,1
TCYRCQCWVCA,1
ICYRCQCYACS,1
WCPQCDVCYRCP,1
HCWSPMCCRCP,1
TCVNVMCCRCP,1
TCWRCTCSYPHCP,1
GCEMCQRCMTCL,1
GCETCQRCMTCP,1
SCYRCQCAVCQ,1
DCSTFCCRCP,1
GCPQCDVCYRCQ,1
GCPQCDVCYWCP,1
GCPQCDVCFRCP,1
GCPQCEVCYRCP,1
FCYRCQCYACS,1
GCNIHCCRCP,1
YCCARCPWNDCA,1
GCSQCDVCYRCP,1
SCYRCQCVACT,1
ACPRCDPCYRCP,1
ACTSILCCRCP,1
DCCAGCPWNDCA,1
VCRPTCTRCPCL,1
TCFRCTCSVCH,1
TCWRCTCSHPHCH,1
TCPRCGPCYRCP,1
TCPRCDPCYWCP,1
ECPQCDVCYRCP,1
GCLQCDVCYRCP,1
PCERCCNIFSPCN,1
TCWRCTCSYPHCY,1
TCYRCQCVKCL,1
RCPQCDVCYRCP,1
TCPRCDPCYLCP,1
TCPRCDPCYRCL,1
TCVDIMCCRCP,1
TCVNIMCCQCP,1
GCPQCNVCYRCP,1
SCFRCQCVKCQ,1
MCRPTCYRCPCM,1
MCRPTCYRCPCT,1
SCTNTSCCRCP,1
ACTGIFCCRCP,1
DCCAKCPWNDCA,1
DCCAWCPWNDCA,1
DCCARCPWNECA,1
DCSISCCRCP,1
LCTNTFCCRCP,1
VCCARCPWNDCA,1
ECNIYCCRCP,1
FCFRCQCVKCH,1
DCVGTSCYRCCA,1
ACTSVFCCRCP,1
ACTSIFCCRCL,1
SCTNTFCCWCP,1
ACTNIFCCRCP,1
TCLRCDPCYRCP,1
ACMSIFCCRCP,1
TCPRCDPCYRCT,1
TCPQCDPCYRCP,1
TCVYIMCCRCP,1
TCWRCACSYPHCH,1
TCFRCSCAVECD,1
TCFRCSCAVEC,1
HCSPIFCCRCP,1
GCPLCDVCYRCP,1
GCNIFCCRCP,1
GCNFYCCRCP,1
GCNIYCCRCQ,1
TCVNIICCRCP,1
TCVNILCCRCP,1
TCWRCICSYPHCH,1
TCVNIYCCRCP,1
TCNAFCCRCP,1
GCPQCDVCYLCP,1
GCPQCDVCHRCP,1
TCPRCDACYRCP,1
TCPRCDLCYRCP,1
TCPRCDPCFRCP,1
TCPRCDPCHRCP,1
TCPRCDPCYQCP,1
TCPPCDPCYRCP,1
TCPRCDSCYRCP,1
TCPRCEPCYRCP,1
TCPRCNPCYRCP,1
TCPRCVPCYRCP,1
TCSRCDPCYRCP,1
TCSRCTCQVCH,1
TCRPTCYRCPCI,1
TCRRCDPCYRCP,1
TCYRCQCVKCS,1
TCYRCHCYACS,1
TCYRCCRCP,1
TCYRCCSWLWICG,1
TCYRCCSWAWICG,1
ACNPSCCRCP,1
TCIRCSCAVECG,1
TCISVLCCRCP,1
TCENIYCCRCP,1
TCEGCSCIKPHCG,1
TCERCSCTKPHCG,1
ECGGINCYRCCS,1
YCPRCDPCYRCP,1
VCISVFCCRCP,1
TCYSCQCYACS,1
TCYRCTCLATCS,1
TCYRCTCARPCA,1
VCYRCQCLICP,1
VCYRCQCYACS,1
WCNIYCCRCP,1
VCRPTCTRCPCS,1
VCRPTCYRCPCI,1
PCASIFCCRCP,1
PCVNIMCCRCP,1
PCYRCSCVVCH,1
ICYRCCPFPWVCS,1
ACYRCQCVKCF,1
FCPCHRCPWCD,1
DCSIFCCRCS,1
FCVSVYCCRCP,1
DCCTRCPWNDCA,1
FCVNIMCCRCP,1
FCVPVFCCRCP,1
DCCARCPWYDCA,1
DCCARCPWNDCD,1
DCCARCPWNNCA,1
MCVNIMCCRCP,1
FCSSCYRCPWCD,1
ACTSIFCCSCP,1
ACTSIFCCRCS,1
SCPSILCCRCP,1
SCPSIYCCRCP,1
ACTSIVCCRCP,1
SCSRCQCVKCH,1
FCGPVFCCRCP,1
SCPGIFCCRCP,1
DCGIFCCRCP,1
ACTSSFCCRCP,1
ACTSIYCCRCP,1
ACTSMFCCRCP,1
HCSGINCFRCCK,1
SCYRCSCYRCP,1
SCYRCSCVVCP,1
SCYRCSCLVPCD,1
SCYRCQCAVCR,1
SCTNAFCCRCP,1
ICISVLCCRCP,1
ICIPVFCCRCP,1
SCAPIFCCRCP,1
SCERCCNIFSPCK,1
TCYRCQCFACS,1
TCPRCDPCYRCS,1
ACTSISCCRCP,1
TCTSIFCCRCP,1
MCRPTCYRCPCV,1
DCCASCPWNDCA,1
DCSIFCCRCH,1
SCPNIFCCRCP,1
SCYRCQCLICH,1
SCTSIFCCRCP,1
VCSIFCCRCP,1
TCFRCTCRVCH,1
TCLNIMCCRCP,1
TCYRCCRWPWICG,1
TCVNIMCCLCP,1
TCPRCAPCYRCP,1
TCPRCDTCYRCP,1
FCYRCCSWPWICG,1
GCHQCDVCYRCP,1
GCPQCDVCNRCP,1
ACKSIFCCRCP,1
ACPSIFCCRCP,1
FCGSVSCCRCP,1
FCPRCDPCYRCP,1
ECVSINCYRCCS,1
ECSKIFCCRCP,1
PCFRCQCVKCH,1
SCFRCSCVVCH,1
SCLRCQCVKCH,1
SCERCCDIFSPCN,1
ICPRCDPCYRCP,1
NCSSIFCCRCP,1
SCYRCQCAVCH,1
FCENIMCCRCP,1
TCYRCECARPHCA,1
SCYRCSCVVCQ,1
ACTSIFCCRCH,1
TCYRCQCSYCH,1
TCVNIFCCRCP,1
LCPCYRCPWCD,1
FCYRCQCLICH,1
TCGNIMCCRCP,1
TCFRCTCQVCQ,1
TCYRCQCATCQ,1
VCPNIMCCRCP,1
TCVNIMCCRCD,1
TCVNMMCCRCP,1
SCYRCQCVKCF,1
SCYRCSCCD,1
TCVNSMCCRCP,1
TCWRCTCSIWHCE,1
ACSSCCSWPWICG,1
TCYRCQCLICH,1
ACTRIFCCRCP,1
TCLRCTCQVCH,1
RCVNIMCCRCP,1
FCTSIFCCRCP,1
SCYRCSCSIWHCP,1
SCYRCSCVVCR,1
MCFRCECARLHCA,1
TCVNIMCCGCP,1
TCFRCTCQACH,1
TCFRCTCQVCR,1
TCYLCCSWPWICG,1
ACYRCQCATCH,1
TCVNIMCCRCA,1
FCPCYRCLWCD,1
TCYRCCSWPWFCG,1
TCFRCACQVCH,1
SCYRCSCQVCH,1
ACTSIICCRCP,1
DCVGSLCYRCCK,1
TCYRCCSWPWICP,1
KCVNIMCCRCP,1
ACTSNFCCRCP,1
FCPCYWCPWCD,1
ECSGSFCDRCCA,1
DCTSIFCCRCP,1
ACFRCTCQVCH,1
VCYRCQCLICL,1
TCYRCRCATCH,1
FCESIFCCRCP,1
SCASILCCRCP,1
VCPKIFCCRCP,1
GCNIMCCRCP,1
TCGRCSCIKPHCG,1
ECVGINCYRCPWCD,1
FCPCYRCPWCN,1
ACTNIYCCRCP,1
ECVNIMCCRCP,1
FCYHCQCAVCS,1
VCYRCQCFICH,1
TCVHIMCCRCP,1
SCPSISCCRCP,1
TCYRCCSWPLICG,1
SCLSIFCCRCP,1
ACSSCCRCP,1
TCYRCYRCPWCD,1
TCQRCDPCYRCP,1
FCYRCQCATCH,1
MCFRCECARPRCP,1
SCYRCTCLVTCS,1
SCYQCSCVVCH,1
GCYRCQCLICH,1
PCYRCQCSRPHCP,1
PCYRCCSWPWICG,1
SCASISCCRCP,1
SCASIYCCRCP,1
ACSSCYRCPRCE,1
VCFRCQCYVCQ,1
TCYRCCIWPWICG,1
TCFRCTCQECH,1
TCYRCCSLPWICG,1
ACRSIFCCRCP,1
TCVNIMCYRCPWCD,1
DCSVFCCRCP,1
VCPNIFCCMCP,1
TCPRCDPCYRCH,1
ACENIYCCRCP,1
TCYRCTCQVCH,1
TCYRCTCLVTCP,1
SCASTFCCRCP,1
TCYWCQCATCH,1
ACGSCYRCPWCE,1
HCSSVFCCRCP,1
HCGSIFCCRCP,1
VCYLCQCLICH,1
MCFRCTCQVCH,1
MCFRCECARPHCS,1
VCYRCQCLNCH,1
VCYRCQCLMCP,1
TCFQCTCQVCH,1
TCFRCTCQVCY,1
ACSSCYRCPRCP,1
TCFRCLCLVCH,1
SCYSCCSWPWICG,1
ACTSIFCCLCP,1
ACTSIFCCPCP,1
ACTSIFCCRCA,1
ACTSIFCYRCPWCD,1
SCYRCSCVVCY,1
TCYRCCSWHWICG,1
TCYRCCSWPWICS,1
TCYRCCPFPWVCY,1
TCYRCCPFPWVCF,1
TCYRCSCVVCH,1
TCYRCSCIVCH,1
TCYRCQCAVCS,1
TCYRCRCVKCF,1
TCPSIFCCRCP,1
ACSIFCCRCP,1
TCNGPLCYRCCK,1
TCVTIMCCRCP,1
GCNINCCRCP,1
FCLCYRCPWCD,1
FCENIYCCIWHCE,1
ECSSSFCDRCCT,1
DCCARCPWNDCE,1
ECSNIICCRCP,1
FCSCYRCPWCD,1
FCGTVFCCRCP,1
ACSRCTCYFCH,1
TCVNIMCCRCLV,1
FCGSIFCCKCP,1
TCYRCQCAVCH,1
TCYRCQCATCR,1
TCYRCQCAACH,1
TCYRCQCIKCI,1
TCYRCQCVTCH,1
TCYRCTCSYPHCH,1
TCYRCCPFTWVCS,1
TCYRCCPVPWVCS,1
TCYRCCPFPGVCS,1
TCYRCCPFPWFCS,1
TCYRCLCATCH,1
TCYRCCSWPWICH,1
TCYRCCSWPWMCD,1
TCYRCCSWRWICG,1
TCERCPCIKPHCG,1
TCERCSCIKPRCG,1
TCFRCICQVCH,1
FCVSVICCRCP,1
FCVFVFCCRCP,1
TCASIFCCRCP,1
TCNPFCCRCP,1
TCTRCDPCYRCP,1
FCPSIFCCRCP,1
TCFRCTCLVTCS,1
FCPCYRCPWCP,1
FCPCYRCPLCD,1
TCHRCQCATCH,1
ECSIFCCRCP,1
ECVGIYCCRCP,1
ECVGTNCYRCCS,1
ECVGINCYWCCS,1
ECSNIMCCRCP,1
ECHGVHCYRCCA,1
FCENINCYRCCS,1
VCGPTCTRCPCF,1
VCANIFCCRCP,1
ACISVFCCRCP,1
VCPCYRCPWCD,1
VCLRCQCYVCH,1
VCPNIFCCSCP,1
VCYRCHCLICH,1
PCSHPNCYRCQCI,1
PCYRCSCSTWHCE,1
SCFRCRCLICH,1
SCHRCSCPIWHCE,1
SCASIFCCGCP,1
SCASIFCCRCH,1
SCFGCQCLICH,1
SCDSIFCCRCP,1
DCCARCPWIDCA,1
HCSTIFCCRCP,1
HCPGINCFRCCN,1
HCNAFCCRCP,1
ICISVFCCQCP,1
ICISVSCCRCP,1
ICISVFCCRCL,1
MCFRCDCARPHCA,1
MCFPCECARPHCA,1
MCFRCQCLICH,1
MCFRCECLICH,1
MCYRCQCATCH,1
GCPQCDVCYRCR,1
LCNNIFCCGCP,1
DCCYRCPWCD,1
GCPQCDPCYRCP,1
SCYRCSCPIRHCE,1
SCYRCRCSRPHCP,1
SCYRCQCATCH,1
FCYRCQCEVCS,1
ACTTIFCCRCP,1
FCYRCWCIVCH,1
SCPSIICCRCP,1
SCPNVSCCRCP,1
SCPSIFCCHCP,1
ACVDIMCCRCP,1
SCSHPNCYRCRCI,1
SCYRCFCVVCH,1
SCYRCDPCYRCP,1
DCNIYCCRCP,1
SCTNTFCCRCQ,1
SCFRCTCQVCH,1
SCYRCSCIKPHCG,1
TCFRCTCQVCP,1
ACTSIMCCRCP,1
TCYRCQCASCH,1
TCVSIFCCRCP,1
NCYRCCSWPWICG,1
SCYRCSCLVTCS,1
TCFRCTCSIWHCE,1
ACSSCYRCRCP,1
ICFRCTCQVCH,1
SCPNVYCCRCP,1
TCFRCSCVVCH,1
TCSNIFCCRCP,1
TCYRCQCSRPHCP,1
PCYRCQCAVCH,1
SCENIMCCRCP,1
ECSNIFCYRCPWCD,1
VCYRCQCAVCH,1
FCYRCQCAVCH,1
